Evento,f_pico,Δf
GW240109_050431,140.95,-0.7501000000000033
GW240107_013215,140.77,-0.9300999999999817
GW240105_151143,141.2,-0.5001000000000033
GW240104_164932,142.05,0.3499000000000194
GW231231_154016,140.4,-1.3000999999999863
