{
  "GW170814": {
    "H1": 26.913699678799876,
    "L1": 20.63356691478602,
    "V1": 8.594754723854676,
    "V1_H1_ratio": 0.3193449739882781
  },
  "GW170817": {
    "H1": 24.836136590660082,
    "L1": 18.52825251608882,
    "V1": 8.636277120805687,
    "V1_H1_ratio": 0.3477302957036184
  },
  "GW170818": {
    "H1": 19.001443299201686,
    "L1": 19.299883537874788,
    "V1": 7.863375984889676,
    "V1_H1_ratio": 0.41383045809052005
  },
  "GW170823": {
    "H1": 20.663573537372965,
    "L1": 19.642609289482433,
    "V1": 8.68170584070705,
    "V1_H1_ratio": 0.4201454228139663
  }
}