{
  "GW150914": {
    "H1": 10.78,
    "L1": 12.582857225639664
  },
  "GW151012": {
    "H1": 13.577975767245618,
    "L1": 13.044633936788145
  },
  "GW151226": {
    "H1": 13.144074561769745,
    "L1": 13.14397808134481
  },
  "GW170104": {
    "H1": 14.622334448672799,
    "L1": 17.854704583099743
  },
  "GW170608": {
    "H1": 18.664460046972835,
    "L1": 19.09229031118418
  },
  "GW170729": {
    "H1": 18.21233797718321,
    "L1": 22.009639408647978
  },
  "GW170809": {
    "H1": 23.329770563201688,
    "L1": 20.849356442713106
  },
  "GW170814": {
    "H1": 22.5972998688284,
    "L1": 22.603618039413732
  },
  "GW170817": {
    "H1": 24.95696897183815,
    "L1": 25.839025726528952
  },
  "GW170818": {
    "H1": 27.337780074568464,
    "L1": 26.774916560792168
  },
  "GW170823": {
    "H1": 29.927411578889515,
    "L1": 28.037975442608165
  }
}