Estadístico,Valor
Media Δf,-0.626099999999991
Desviación estándar,0.6185709336850561
IC 95% inferior,-1.3941572586920146
IC 95% superior,0.14195725869203257
t-stat,-2.263284749531096
p-value,0.08636618031066422
