{
  "timestamp": "2025-10-29T07:52:24.877149+00:00",
  "precision_digits": 20,
  "validation_suite": "riemann_zeros",
  "zeros_validation": {
    "constants": {
      "phi": 1.618033988749895,
      "gamma": 0.5772156649015329,
      "pi": 3.141592653589793,
      "e_gamma_pi": 6.131114182422604,
      "phi_400": 647.2135954999579,
      "target_sum": 105.56215008284556
    },
    "parameters": {
      "alpha": 0.006695,
      "T": 500.0,
      "precision_digits": 20,
      "num_zeros_used": 493
    },
    "computation": {
      "zeros_sum": 99.2475717676288,
      "expected_sum": 105.56215008284556,
      "validation_result": 608.4981948355141,
      "expected_phi_400": 647.2135954999579,
      "relative_error_sum": 0.059818583746741226,
      "relative_error_result": 0.059818583746741316,
      "absolute_difference_sum": 6.314578315216764,
      "absolute_difference_result": 38.71540066444379
    },
    "status": "FAIL"
  },
  "frequency_computation": {
    "frequency_hz": 4.67334002183867,
    "components": {
      "f_base": 0.15915494309189535,
      "scaling_factor": 1.413305271524531,
      "psi_prime": 3968.1404544265188,
      "psi_effective": 15.189148531929632,
      "delta_correction": 1.3678480038157936,
      "log_term": 6.448175798149843
    },
    "precision_digits": 20
  },
  "overall_status": "FAIL",
  "summary": {
    "tests_run": 1,
    "tests_passed": 0,
    "tests_failed": 1
  }
}